province,municipality,district,rsba_registry_count,rsba_crop_area_ha,rsba_avg_age,rsba_latitude,rsba_longitude,rsba_rice_count,rsba_rice_area_ha,rsba_corn_count,rsba_corn_area_ha,rsba_hvc_count,rsba_hvc_area_ha,rsba_top_crop,rsba_top_crop_count,rsba_male_count,rsba_female_count,rsba_female_pct,rsba_youth_count,rsba_youth_pct,rsba_millennial_count,rsba_senior_count,rsba_farmer_count,rsba_farmworker_count,rsba_fisherfolk_count,rsba_ip_count,rsba_pwd_count,rsba_4ps_count,rsba_fca_count,rsba_fca_pct,rsba_agriyouth_count,rsba_arb_count,rsba_organic_count,rsba_with_imc_count,rsba_imc_pct,rsba_rice_share_pct,rsba_corn_share_pct,rsba_fca_gap_pct,rsba_imc_gap_pct
BATANES,BASCO Capital,LONE,1257,152.8,54.4,20.463400000000259,122.00420000000341,20,2.24,108,20.2,2387,130.37,Pigs or swine,284,825,432,34.4,65,5.2,341,341,720,221,573,962,28,18,155,12.3,8,34,584,11,0.9,1.6,8.6,87.7,99
BATANES,ITBAYAT,LONE,1007,406.59,57,20.787777999999594,121.84138900000379,300,80.54,392,90.86,2386,235.19,Corn,392,671,336,33.4,17,1.7,254,369,632,100,421,896,13,25,181,18,0,275,465,206,20.5,29.8,38.9,82,79.5
BATANES,IVANA,LONE,589,172.48,55.3,20.378100000000693,121.93020000000155,1,1,17,3.02,1375,168.46,Pigs or swine,208,340,249,42.3,45,7.6,165,188,397,41,210,495,4,4,229,38.9,5,6,308,0,0,0.2,2.9,61.1,100
BATANES,MAHATAO,LONE,512,110.1,57.3,20.405200000000029,121.95299999999763,2,0.11,6,0.25,861,109.74,Other fruit-bearing vegetables,130,359,153,29.9,26,5,121,194,286,78,233,385,9,0,65,12.7,2,166,172,0,0,0.4,1.2,87.3,100
BATANES,SABTANG,LONE,969,98.11,56.1,20.334999999999503,121.87194400000377,0,0,70,8.66,1050,89.46,Other fruit-bearing vegetables,227,594,375,38.7,68,7,258,325,493,178,472,764,19,23,32,3.3,13,93,345,0,0,0,7.2,96.7,100
BATANES,UYUGAN,LONE,749,69.95,53.1,20.373400000000274,121.95299999999979,2,0.1,20,3.55,1067,66.3,Other fruit-bearing vegetables,202,427,322,43,137,18.3,159,178,442,29,309,587,18,9,153,20.4,42,173,278,0,0,0.3,2.7,79.6,100
CAGAYAN,ABULUG,2ND,10500,9426.84,52.9,18.443610999997027,121.45722199999803,4452,7333.64,1156,1738.43,2347,354.76,Rice/Palay,4452,6294,4206,40.1,430,4,2966,3066,5619,3121,3356,329,87,707,1073,10.2,0,4482,19,2915,27.8,42.4,11,89.8,72.2
CAGAYAN,ALCALA,1ST,9854,10279.44,53.1,17.90249999999774,121.65666699998008,4912,4719.44,4290,5505.75,545,54.26,Rice/Palay,4912,5715,4139,42,375,3.8,2730,3107,6474,3113,1151,7,62,679,905,9.2,74,3133,29,4108,41.7,49.8,43.5,90.8,58.3
CAGAYAN,ALLACAPAN,2ND,9367,12127.67,52.1,18.225832999999859,121.5544439999576,4713,9020.88,1137,1582.98,5979,1523.81,Rice/Palay,4713,5312,4055,43.3,565,6,3043,2392,5068,4805,695,231,99,692,592,6.3,25,5031,49,2936,31.3,50.3,12,93.7,68.7
CAGAYAN,AMULUNG,3RD,12197,17422.82,51.7,17.8372220000013,121.72333299998137,5207,8094.39,5473,9294.64,365,33.79,Corn,5473,7905,4292,35.2,388,3.2,3968,3493,7955,4471,1254,179,190,1073,541,4.4,0,5013,49,3832,31.4,42.7,44.9,95.6,68.6
CAGAYAN,APARRI,1ST,14543,9701.26,52,18.35722200000091,121.63722199997387,5641,9286.25,247,283.75,2223,131.27,Rice/Palay,5641,9535,5008,34.4,480,3.3,4538,4086,5778,4021,7486,2448,171,1540,1614,11,0,6108,81,3866,26.6,38.8,1.7,88.9,73.4
CAGAYAN,BAGGAO,1ST,15493,31376.53,52,18.271110999992803,121.68000000004399,9246,10547.18,11062,20609.14,13711,220.2,Corn,11062,10964,4529,29.2,637,4,4980,4273,13815,6885,1576,105,210,1185,1836,11.9,13,1788,74,7308,47.2,59.7,71.4,88,52.8
CAGAYAN,BALLESTEROS,2ND,8347,7003.24,53.7,18.410000000002231,121.51527799999259,3308,6224.26,30,31.98,2965,747,Rice/Palay,3308,5171,3176,38,203,2.4,2337,2706,4152,2726,2401,21,53,627,419,5,0,2978,228,2226,26.7,39.6,0.4,95,73.3
CAGAYAN,BUGUEY,1ST,8238,6910.23,52.1,18.286388999997182,121.83472200001967,3487,5379.18,718,1352.73,734,178.32,Rice/Palay,3487,5071,3167,38.4,292,3.5,2515,2386,3697,2366,3006,42,72,562,989,12,0,3068,10,2394,29.1,42.3,8.7,88,70.9
CAGAYAN,CALAYAN,2ND,4388,2834.13,49.7,19.261943999998923,121.47583300000429,1737,993.88,1051,825.14,4604,1015.12,Rice/Palay,1737,3288,1100,25.1,118,2.7,1570,973,2640,798,1975,126,60,660,385,8.8,0,740,119,1463,33.3,39.6,24,91.2,66.7
CAGAYAN,CAMALANIUGAN,1ST,5443,5530.97,51.7,18.274999999998062,121.674444000003,2879,5136.01,240,364.88,488,30.08,Rice/Palay,2879,3650,1793,32.9,363,6.7,1585,1643,2960,2542,638,218,105,404,1010,18.6,0,2873,42,1853,34,52.9,4.4,81.4,66
CAGAYAN,CLAVERIA,2ND,9675,4034.43,51.2,18.608888999997539,121.08388899997496,3538,3808.32,16,15.73,1895,210.38,Rice/Palay,3538,6416,3259,33.7,1030,10.6,2482,2816,4408,2452,3687,42,98,400,2699,27.9,109,3009,36,2447,25.3,36.6,0.2,72,74.7
CAGAYAN,ENRILE,3RD,6320,7835.25,53.6,17.560832999998606,121.68944400001138,2767,4956.64,2094,2714.5,1073,164.1,Rice/Palay,2767,3974,2346,37.1,285,4.5,1794,1955,3711,2513,564,249,50,440,91,1.4,54,2697,8,1707,27,43.8,33.1,98.6,73
CAGAYAN,GATTARAN,1ST,14044,18346.42,52.7,18.061388999998375,121.64333299997192,6928,8235.05,5806,9611.76,1143,499.61,Rice/Palay,6928,8521,5523,39.3,718,5,4083,4243,9452,4881,1486,262,212,944,1392,9.9,0,4603,119,5368,38.2,49.3,41.3,90,61.8
CAGAYAN,GONZAGA,1ST,9609,11141.65,51.9,18.259444000001462,121.99361100000939,4368,5406.03,2672,5553.28,6092,182.35,Rice/Palay,4368,6310,3299,34.3,288,3,2776,2632,5364,3722,3044,426,69,832,2588,26.9,0,3241,258,3133,32.6,45.5,27.8,73,67.4
CAGAYAN,IGUIG,3RD,4427,4503.45,53.1,17.752500000001323,121.73805599998468,1881,1836.15,1564,2615.11,577,52.19,Rice/Palay,1881,2797,1630,36.8,289,6.5,1145,1442,2703,1067,808,576,32,431,241,5.4,55,899,17,1573,35.5,42.5,35.3,94.6,64.5
CAGAYAN,LAL LO,1ST,11354,14013.02,53.2,18.201388999996603,121.66083299998222,5074,7398.94,3773,6218.72,2531,395.36,Rice/Palay,5074,6847,4507,39.7,370,3.3,3229,3565,6496,4659,1375,513,451,878,643,5.7,2,5119,50,3553,31.3,44.7,33.2,94.3,68.7
CAGAYAN,LASAM,2ND,9748,11649.23,54.1,18.064443999997017,121.60138899997334,4937,7717.4,2312,3378.66,4186,553.16,Rice/Palay,4937,5489,4259,43.7,441,4.5,2564,3133,5585,5023,765,83,101,700,334,3.4,1,5133,78,3745,38.4,50.6,23.7,96.6,61.6
CAGAYAN,PAMPLONA,2ND,7176,6747.78,52,18.463611000002718,121.34111100001411,3069,4981.66,751,1072.28,1643,693.83,Rice/Palay,3069,4558,2618,36.5,336,4.7,2032,2040,4247,2412,1927,341,77,679,1640,22.9,0,2298,41,2171,30.3,42.8,10.5,77,69.7
CAGAYAN,PEÑABLANCA,3RD,8952,13244.79,52.4,17.625556000002753,121.78527799998417,2059,1778.9,6612,11398.99,6187,66.9,Corn,6612,4721,4231,47.3,516,5.8,2815,2545,7327,2021,951,5064,76,922,606,6.8,0,1501,389,1833,20.5,23,73.9,93.2,79.5
CAGAYAN,PIAT,2ND,4038,7308.83,55.6,17.791667000000835,121.47694399999554,2263,3442.26,2521,3457.7,3790,408.87,Corn,2521,2470,1568,38.8,181,4.5,1021,1390,3749,202,157,61,38,195,279,6.9,0,825,95,1571,38.9,56,62.4,93,61.1
CAGAYAN,RIZAL,2ND,5093,7531.52,51.6,17.845832999999505,121.34583300001776,1810,1510.34,3593,5288.48,1325,732.7,Corn,3593,2826,2267,44.5,378,7.4,1497,1408,4081,790,594,3595,53,697,301,5.9,0,865,30,1316,25.8,35.5,70.5,94,74.2
CAGAYAN,SANCHEZ MIRA,2ND,5326,3253.45,53.5,18.559166999999618,121.2347219999984,2005,2940.22,75,70.43,642,242.8,Rice/Palay,2005,3407,1919,36,177,3.3,1378,1707,2678,1392,1683,172,43,356,1145,21.5,0,2304,12,1271,23.9,37.6,1.4,78.5,76
CAGAYAN,SANTA ANA,1ST,8911,4195.87,45.9,18.457499999998223,122.14249999999369,2565,3674.86,187,255.29,660,265.72,Rice/Palay,2565,5614,3297,37,1631,18.3,2710,1648,2748,2167,3869,85,158,1099,1445,16.2,6,4752,62,1741,19.5,28.8,2.1,83.8,80.5
CAGAYAN,SANTA PRAXEDES,2ND,1839,581.96,51.2,18.563055999999619,120.98999999999647,563,405.95,2,2.58,576,173.43,Rice/Palay,563,1147,692,37.6,181,9.8,514,502,746,908,615,184,18,132,709,38.6,4,732,42,463,25.2,30.6,0.1,61.4,74.8
CAGAYAN,SANTA TERESITA,1ST,6242,6510.93,51.6,18.24861099999961,121.90916699998398,2974,3564.11,1793,2814.11,1055,132.7,Rice/Palay,2974,3492,2750,44.1,302,4.8,1988,1755,3744,2000,992,31,59,378,1162,18.6,1,2132,139,2105,33.7,47.6,28.7,81.4,66.3
CAGAYAN,SANTO NIÑO FAIRE,2ND,8237,9437.47,51.7,17.883888999995857,121.56916700000637,4083,4614.67,3736,4700.66,4237,122.13,Rice/Palay,4083,4834,3403,41.3,718,8.7,2503,2164,5486,3435,586,142,53,1176,328,4,0,3080,210,3221,39.1,49.6,45.4,96,60.9
CAGAYAN,SOLANA,3RD,16613,23083.86,51.5,17.650833000004514,121.69083300000044,9062,15036.9,4929,7483.49,3858,563.17,Rice/Palay,9062,10939,5674,34.2,1190,7.2,5095,4601,12145,4376,484,402,123,1681,1711,10.3,19,6281,89,5970,35.9,54.5,29.7,89.7,64
CAGAYAN,TUAO,3RD,11995,14574.5,53.5,17.734721999998772,121.45527800002534,7908,10545.61,3056,3556.18,2760,472.71,Rice/Palay,7908,6450,5545,46.2,483,4,3322,3922,9446,2712,677,112,114,747,567,4.7,53,3621,50,5378,44.8,65.9,25.5,95.3,55.2
CAGAYAN,TUGUEGARAO CITY Capital,3RD,3791,5579.07,56.4,17.612500000001816,121.73277799998263,1206,1642.96,2664,3803.85,2519,132.25,Corn,2664,2713,1078,28.4,99,2.6,901,1434,3224,472,300,1292,49,109,854,22.5,4,453,122,836,22.1,31.8,70.3,77.5,77.9
ISABELA,ALICIA,3RD,10373,8928.97,52.4,16.778889000000319,121.69916699999004,4950,8831.25,43,67.71,108,30,Rice/Palay,4950,6279,4094,39.5,443,4.3,2885,3261,4970,6039,335,230,211,719,1558,15,0,5355,48,3400,32.8,47.7,0.4,85,67.2
ISABELA,ANGADANAN,3RD,11790,11762.19,51.4,16.75666700000329,121.7480560000369,4036,4788.05,4327,6559.16,1789,414.97,Corn,4327,6827,4963,42.1,823,7,3655,3272,5953,7343,723,3081,142,1424,490,4.2,7,6479,91,2978,25.3,34.2,36.7,95.8,74.7
ISABELA,AURORA,5TH,9037,5875.9,53.6,16.990556000001593,121.63916700000057,1917,3399.73,1436,2053.44,735,422.73,Rice/Palay,1917,4909,4128,45.7,275,3,2437,2834,2993,4631,1605,34,34,254,225,2.5,2,4885,14,1383,15.3,21.2,15.9,97.5,84.7
ISABELA,BENITO SOLIVEN,2ND,5902,12134.1,50.4,16.984721999996307,121.96138900000831,4104,2890.95,5134,7774.19,3876,1468.96,Corn,5134,3434,2468,41.8,256,4.3,2002,1527,5507,898,346,12,51,728,657,11,0,1404,274,3935,66.7,69.5,87,88.9,33.3
ISABELA,BURGOS,5TH,5678,5808.22,52.8,17.068056000000666,121.69361099999513,2346,4993.85,496,757.93,75,56.44,Rice/Palay,2346,3124,2554,45,290,5,1545,1787,2546,2664,796,77,51,445,203,3.6,2,2972,98,1481,26.1,41.3,8.7,96.4,73.9
ISABELA,CABAGAN,1ST,8036,9725.35,50.9,17.426389000000174,121.764999999985,3056,3363.98,4177,6249.23,1633,112.13,Corn,4177,5479,2557,31.8,491,6,2690,2145,5576,3437,609,3080,77,1294,783,9.7,0,2702,178,2497,31.1,38,52,90.3,68.9
ISABELA,CABATUAN,3RD,7468,6675.43,51.5,16.954167000001565,121.66972200001298,4094,5737.83,524,633.74,764,303.85,Rice/Palay,4094,4158,3310,44.3,676,9,1921,2296,4588,3139,637,23,78,341,647,8.7,0,3115,21,3154,42.2,54.8,7,91.3,57.8
ISABELA,CITY OF CAUAYAN,6TH,16449,23899.39,50.9,16.934166999999636,121.76666700001034,8366,12359.84,6446,10896.67,705,642.88,Rice/Palay,8366,9504,6945,42.2,840,5,5207,4608,11679,5039,1355,405,207,708,1554,9.4,1,5352,68,6551,39.8,50.9,39.2,90.6,60.2
ISABELA,CITY OF SANTIAGO,4TH,9548,9833.33,54.3,16.6875,121.54472199999148,5484,9089.81,308,439.37,1263,304.15,Rice/Palay,5484,4837,4711,49.3,352,3.7,2265,3292,5691,4365,500,441,151,425,2993,31.3,0,4614,34,3586,37.6,57.4,3.2,68.7,62.4
ISABELA,CORDON,4TH,8813,10241.38,51.3,16.673888999998443,121.46611099998168,4232,5348.85,2983,4216.58,4999,675.95,Rice/Palay,4232,4666,4147,47.1,439,5,2738,2416,6145,3117,1356,1511,96,830,1461,16.6,1,2884,32,3320,37.7,48,33.8,83.4,62.3
ISABELA,DELFIN ALBANO MAGSAYSAY,1ST,7001,11846.95,51.4,17.304443999998274,121.44555599999336,3917,8817.03,1560,2971.05,194,58.86,Rice/Palay,3917,4214,2787,39.8,485,6.9,1951,2036,4505,2215,439,48,90,608,823,11.8,0,3232,45,2331,33.3,55.9,22.3,88.2,66.7
ISABELA,DINAPIGUE,4TH,1727,592.22,49.9,16.524721999999411,122.26305599999803,408,427.03,48,80.47,416,84.71,Rice/Palay,408,1050,677,39.2,75,4.3,652,386,989,40,729,127,8,114,236,13.7,0,276,2,318,18.4,23.6,2.8,86.3,81.6
ISABELA,DIVILACAN,1ST,1505,542.53,50.4,17.329721999999641,122.29611100000191,558,518.79,12,13.8,699,9.95,Rice/Palay,558,1151,354,23.5,39,2.6,557,340,564,495,934,314,21,254,133,8.8,0,297,260,704,46.8,37.1,0.8,91.2,53.2
ISABELA,ECHAGUE,6TH,14244,18480.39,51.3,16.71666699999404,121.68333300000928,7002,9499.26,5040,7634.98,3318,1346.16,Rice/Palay,7002,8702,5542,38.9,719,5,4349,4040,9627,5694,1413,2030,199,995,844,5.9,0,5323,205,5650,39.7,49.2,35.4,94,60.3
ISABELA,GAMU,2ND,6556,6700.42,52.2,17.047221999997355,121.83333299998496,2203,5150.44,1067,1501.02,259,48.96,Rice/Palay,2203,3831,2725,41.6,390,5.9,1720,1932,2854,2769,1367,178,54,537,366,5.6,1,3381,32,1331,20.3,33.6,16.3,94.4,79.7
ISABELA,ILAGAN CITY Capital,1ST,21300,24632.73,52.3,17.14416700000417,121.88888899997553,9586,9529.18,11443,14786.76,324,316.79,Corn,11443,14206,7094,33.3,635,3,6123,6222,14815,5065,2923,223,153,1349,4302,20.2,0,4781,53,7860,36.9,45,53.7,79.8,63.1
ISABELA,JONES,4TH,8877,14918.67,54.5,16.559166999999679,121.70361099998709,3975,3351.36,5388,9611.21,9642,1956.1,Corn,5388,5733,3144,35.4,205,2.3,2238,2934,6365,3800,1194,268,49,532,3882,43.7,0,1814,42,3259,36.7,44.8,60.7,56.3,63.3
ISABELA,LUNA,5TH,4402,3176.73,53.7,16.968332999998783,121.7291669999979,1459,2523.3,481,633.6,37,19.83,Rice/Palay,1459,2404,1998,45.4,148,3.4,1109,1435,1687,2730,1002,24,44,258,378,8.6,1,2459,12,1063,24.1,33.1,10.9,91.4,75.9
ISABELA,MACONACON,1ST,1557,546.82,50.1,17.389167000000388,122.23972199999909,482,540.25,3,4.25,37,2.32,Rice/Palay,482,1021,536,34.4,40,2.6,598,398,483,201,1025,97,49,131,210,13.5,0,404,2,394,25.3,31,0.2,86.5,74.7
ISABELA,MALLIG,5TH,9088,8117.32,50.4,17.211389000001525,121.61111099997605,3408,6987.01,652,1032.16,426,98.15,Rice/Palay,3408,5019,4069,44.8,713,7.8,2761,2522,3778,5566,290,397,90,946,1056,11.6,0,5918,161,2244,24.7,37.5,7.2,88.4,75.3
ISABELA,NAGUILIAN,2ND,4879,9593,53.6,17.023056000002693,121.83499999998651,3338,3706.84,3318,5432.62,1687,453.55,Rice/Palay,3338,3154,1725,35.4,83,1.7,1297,1530,4257,1921,412,15,40,530,182,3.7,0,694,17,2933,60.1,68.4,68,96.3,39.9
ISABELA,PALANAN,2ND,5311,2927.54,52.9,17.062778000002076,122.4291669999966,2406,2303.1,582,585.91,681,38.53,Rice/Palay,2406,3571,1740,32.8,206,3.9,1591,1614,3668,1403,974,54,36,1032,92,1.7,0,2133,679,2175,41,45.3,11,98.3,59
ISABELA,QUEZON,5TH,5162,8495.7,51.8,17.311388999998297,121.60583300000782,2936,6695.96,814,1377.1,1101,421.12,Rice/Palay,2936,3099,2063,40,255,4.9,1571,1455,3113,1589,538,576,57,283,1192,23.1,26,2437,103,1893,36.7,56.9,15.8,76.9,63.3
ISABELA,QUIRINO,5TH,7362,5549.13,52.2,17.1527780000004,121.75527800001457,2863,4611.85,757,911.6,550,25.69,Rice/Palay,2863,4455,2907,39.5,326,4.4,2220,2100,3021,3932,896,11,29,750,370,5,62,4117,23,2104,28.6,38.9,10.3,95,71.4
ISABELA,RAMON,3RD,10354,8918.5,50.9,16.781389000002562,121.5349999999877,4418,8546.62,142,238,761,133.88,Rice/Palay,4418,5702,4652,44.9,636,6,3195,2848,4508,6370,2715,446,188,533,678,6.5,0,5966,30,2780,26.8,42.7,1.4,93.5,73.2
ISABELA,REINA MERCEDES,2ND,5182,3262.74,53.9,16.987500000001919,121.81861099999315,1233,1343.06,1523,1753.76,1371,165.91,Corn,1523,2870,2312,44.6,138,2.7,1458,1601,2321,2605,860,517,39,396,175,3.4,0,2078,62,1002,19.3,23.8,29.4,96.6,80.7
ISABELA,ROXAS,5TH,10475,9154.12,51.2,17.121666999999654,121.61972200001023,3957,7244.37,1444,1816.49,304,93.27,Rice/Palay,3957,6171,4304,41.1,663,6.3,3075,2837,5267,5326,201,263,75,792,428,4,3,5811,15,2803,26.8,37.8,13.8,95.9,73.2
ISABELA,SAN AGUSTIN,4TH,4996,8929.53,55,16.506667000001492,121.74750000003496,2617,2477.24,3221,5463.95,5431,988.34,Corn,3221,3180,1816,36.3,119,2.4,1245,1676,3878,2810,633,202,146,442,372,7.4,0,1697,1360,3115,62.3,52.4,64.5,92.6,37.7
ISABELA,SAN GUILLERMO,6TH,6468,11053.99,47.7,16.719722000002246,121.80861099997851,3100,1932.57,4127,6589.83,6075,2531.58,Corn,4127,3826,2642,40.8,911,14,2313,1183,4448,4003,471,499,88,1315,2452,37.9,0,1982,27,2861,44.2,47.9,63.8,62.1,55.8
ISABELA,SAN ISIDRO,6TH,5589,4677.51,52.4,16.734167000001172,121.63361100001423,2861,4536.44,83,110.11,301,30.96,Rice/Palay,2861,3185,2404,43,308,5.5,1517,1710,2944,2708,334,52,65,398,577,10.3,1,2904,47,1985,35.5,51.2,1.5,89.7,64.5
ISABELA,SAN MANUEL,5TH,7304,6114.67,53.3,17.022221999999715,121.63166700000507,2699,5745.75,199,349.47,857,19.46,Rice/Palay,2699,3976,3328,45.6,329,4.5,1977,2221,2886,4393,123,38,70,737,513,7,0,4943,19,1752,24,37,2.7,93,76
ISABELA,SAN MARIANO,2ND,17846,24936,48,16.983611000001659,122.01277799998748,4871,3107.98,9405,16434.41,8115,5393.62,Corn,9405,10297,7549,42.3,2078,11.6,6393,3527,9930,6229,1873,1703,185,4248,1384,7.8,1,5950,78,4343,24.3,27.3,52.7,92.2,75.7
ISABELA,SAN MATEO,3RD,8618,9381.82,55.2,16.881110999997389,121.58777799999737,5019,8867.86,222,315.76,2267,195.7,Rice/Palay,5019,4981,3637,42.2,663,7.7,1743,3186,5171,2654,1371,43,112,403,1343,15.6,0,3511,125,3495,40.6,58.2,2.6,84.4,59.4
ISABELA,SAN PABLO,1ST,5562,6647.16,50.6,17.448332999997334,121.79527799997935,1661,1477.88,3731,5140.33,1018,28.95,Corn,3731,3514,2048,36.8,398,7.2,1847,1475,4163,3719,147,3545,53,1036,298,5.4,0,1638,52,1269,22.8,29.9,67,94.6,77.2
ISABELA,SANTA MARIA,1ST,6442,4306.6,49,17.471389000000539,121.75249999997543,1485,2001.5,1562,2025,1369,280.1,Corn,1562,3290,3152,48.9,1045,16.2,2023,1438,2174,3823,397,4465,100,1372,148,2.3,0,3569,11,1135,17.6,23.1,24.2,97.7,82.4
ISABELA,SANTO TOMAS,1ST,5962,6771.94,53.9,17.399722000001333,121.7658329999832,2442,3644.7,2592,3083.32,1166,43.92,Corn,2592,3094,2868,48.1,166,2.8,1651,1943,4040,2240,288,1908,48,684,338,5.7,0,2388,86,1964,32.9,41,43.5,94.3,67
ISABELA,TUMAUINI,1ST,11368,14393.69,50.8,17.273889000002072,121.80972200001921,4617,6196.76,5211,8063.68,1216,133.26,Corn,5211,6615,4753,41.8,772,6.8,3617,2944,7723,3806,1290,2778,109,1081,742,6.5,2,2897,77,3607,31.7,40.6,45.8,93.5,68.3
NUEVA VIZCAYA,ALFONSO CASTANEDA,LONE,2237,1461.27,48.5,15.931900000000946,121.30839999999564,708,576.24,440,408.13,1104,476.91,Rice/Palay,708,1285,952,42.6,166,7.4,795,474,1328,764,234,858,53,387,273,12.2,0,660,17,581,26,31.6,19.7,87.8,74
NUEVA VIZCAYA,AMBAGUIO,LONE,4818,2870.52,46.2,16.57939999999962,121.0563999999971,1158,658.06,60,17.24,6446,2195.23,Tomato (kamatis),1270,2634,2184,45.3,605,12.6,2176,697,3468,1522,173,4483,56,1247,587,12.2,5,1531,189,1131,23.5,24,1.2,87.8,76.5
NUEVA VIZCAYA,ARITAO,LONE,6639,5188.76,52.5,16.297221999997259,121.03388899998394,3631,4069.08,68,54.02,2203,1065.65,Rice/Palay,3631,3808,2831,42.6,457,6.9,1745,2161,4562,3682,362,974,157,456,1506,22.7,0,2798,384,2614,39.4,54.7,1,77.3,60.6
NUEVA VIZCAYA,BAGABAG,LONE,6698,5867.52,52.9,16.604443999997848,121.25222200000708,2714,3570.33,1336,1702.56,2333,594.63,Rice/Palay,2714,3608,3090,46.1,660,9.9,1531,2213,3621,3184,798,419,117,377,1699,25.4,42,2847,118,1901,28.4,40.5,19.9,74.6,71.6
NUEVA VIZCAYA,BAMBANG,LONE,7846,6631.73,53.8,16.40410000000464,121.10229999998592,3799,4502.74,759,881.65,5060,1247.33,Rice/Palay,3799,4396,3450,44,497,6.3,2043,2544,4818,3178,452,1108,114,725,2070,26.4,0,3225,281,3126,39.8,48.4,9.7,73.6,60.2
NUEVA VIZCAYA,BAYOMBONG Capital,LONE,4781,4657.29,52.9,16.480400000000351,121.14809999999284,2697,2872.81,967,860.03,3563,924.45,Rice/Palay,2697,2798,1983,41.5,270,5.6,1237,1539,3594,1580,573,990,38,438,1319,27.6,0,1360,191,2235,46.7,56.4,20.2,72.4,53.3
NUEVA VIZCAYA,DIADI,LONE,4226,5607.47,51.1,16.660000000001858,121.36861100000736,903,646.75,2328,3617.41,5700,1343.31,Corn,2328,2390,1836,43.4,313,7.4,1478,980,3027,1622,323,1442,62,725,818,19.4,0,1099,88,723,17.1,21.4,55.1,80.6,82.9
NUEVA VIZCAYA,DUPAX DEL NORTE,LONE,5357,5330.3,53.9,16.307499999998278,121.10194399999607,2591,2559.04,226,129.57,4178,2641.69,Rice/Palay,2591,3011,2346,43.8,193,3.6,1481,1769,3627,2464,323,1325,57,494,1749,32.6,0,1968,66,1956,36.5,48.4,4.2,67.4,63.5
NUEVA VIZCAYA,DUPAX DEL SUR,LONE,5133,5379.43,50.6,16.284167000002011,121.09166699998283,2671,2179.81,44,29.49,5021,3170.14,Rice/Palay,2671,2987,2146,41.8,473,9.2,1600,1308,4072,2092,221,3056,105,688,2334,45.5,49,1175,225,2298,44.8,52,0.9,54.5,55.2
NUEVA VIZCAYA,KASIBU,LONE,8959,10763.13,48.7,16.366600000002968,121.33130000003278,5177,3283.71,1822,992.92,16732,6486.51,Rice/Palay,5177,4906,4053,45.2,637,7,3450,1768,7737,5123,592,7100,179,1918,3809,42.5,3,1972,536,4801,53.6,57.8,20.3,57.5,46.4
NUEVA VIZCAYA,KAYAPA,LONE,8585,4109.73,48.9,16.493299999999056,120.94170000002033,1742,965.77,104,47.6,12862,3096.36,Chickens,2672,4937,3648,42.5,1029,12,3175,1785,6203,4333,185,7671,102,2217,2975,34.7,64,2119,419,1362,15.9,20.3,1.2,65.3,84
NUEVA VIZCAYA,QUEZON,LONE,4403,5502.23,52.1,16.457800000001573,121.28549999999842,2075,1641.92,1776,1992.28,6104,1868.02,Rice/Palay,2075,2224,2179,49.5,174,4,1304,1265,3134,1719,654,1135,92,473,700,15.9,0,1323,85,1757,39.9,47.1,40.3,84,60.1
NUEVA VIZCAYA,SANTA FE,LONE,3902,2952.91,48.7,16.18979999999814,120.87289999999336,1264,974.57,32,18.9,3746,1959.44,Rice/Palay,1264,2229,1673,42.9,446,11.4,1324,887,2975,2042,223,2841,58,926,1020,26.1,5,810,66,1123,28.8,32.4,0.8,73.9,71.2
NUEVA VIZCAYA,SOLANO,LONE,8309,5815.7,53,16.527100000003621,121.18250000001419,4203,4553.9,828,897.42,1678,364.39,Rice/Palay,4203,4779,3530,42.5,734,8.8,1980,2801,4816,4364,405,532,151,615,1760,21.2,2,3549,90,3428,41.3,50.6,10,78.8,58.7
NUEVA VIZCAYA,VILLAVERDE,LONE,5299,3929.02,49.8,16.606666999999444,121.18277800001029,2276,2541.75,803,1000.73,2759,386.54,Rice/Palay,2276,2774,2525,47.7,1055,19.9,1304,1325,2911,2501,366,716,47,353,1028,19.4,0,2562,118,1952,36.8,43,15.2,80.6,63.2
QUIRINO,AGLIPAY,LONE,8228,9733.07,50.8,16.488889000000146,121.58722199995897,3610,3261.82,3257,4497.46,3662,1973.79,Rice/Palay,3610,4617,3611,43.9,582,7,2756,2160,4887,4430,856,2124,95,1086,988,12,0,2981,271,3432,41.7,43.9,39.6,88,58.3
QUIRINO,CABARROGUIS Capital,LONE,6077,8099.79,51.6,16.583332999996667,121.5,3082,2891.88,2095,2181.68,6596,3026.22,Rice/Palay,3082,3445,2632,43.3,342,5.6,1930,1650,4334,1591,594,1878,127,595,855,14,64,1679,142,2640,43.4,50.7,34.5,85.9,56.6
QUIRINO,DIFFUN,LONE,7669,10345.24,51.9,16.5529000000015,121.46849999998173,3848,4206.28,3345,5563.36,1480,575.6,Rice/Palay,3848,4290,3379,44.1,253,3.3,2309,2129,5473,1497,914,1466,71,892,1015,13.2,0,2469,56,3120,40.7,50.2,43.6,86.8,59.3
QUIRINO,MADDELA,LONE,8200,12856.31,52.4,16.332600000002312,121.78790000001524,3730,3017.33,4927,6597.55,11282,3241.43,Corn,4927,4658,3542,43.2,453,5.5,2479,2309,6164,4127,1630,1882,133,702,1594,19.4,60,1580,169,3359,41,45.5,60.1,80.6,59
QUIRINO,NAGTIPUNAN,LONE,7350,10921.79,47.5,16.220499999998196,121.60609999998529,2602,2128.37,4999,6152.65,4941,2640.77,Corn,4999,4994,2356,32.1,609,8.3,2714,1432,5902,4114,1485,2713,156,1111,782,10.6,154,1175,206,2406,32.7,35.4,68,89.4,67.3
QUIRINO,SAGUDAY,LONE,4115,3210.72,51.5,16.546100000000919,121.57129999999982,1645,2764.92,284,387.54,402,58.27,Rice/Palay,1645,2572,1543,37.5,252,6,1173,1120,1683,2318,320,278,33,536,608,14.8,0,2565,7,1113,27,40,6.9,85.2,73
