episode,episode_date,year,region,province,calamity,drrmis_total_farmers_affected,drrmis_total_area_affected_ha,drrmis_total_production_loss_mt,drrmis_total_value_loss_php,drrmis_rice_farmers_affected,drrmis_rice_area_affected_ha,drrmis_rice_production_loss_mt,drrmis_rice_value_loss_php,drrmis_corn_farmers_affected,drrmis_corn_area_affected_ha,drrmis_corn_production_loss_mt,drrmis_corn_value_loss_php,drrmis_hvcc_farmers_affected,drrmis_hvcc_area_affected_ha,drrmis_hvcc_production_loss_mt,drrmis_hvcc_value_loss_php,drrmis_fisheries_value_loss_php,drrmis_livestock_value_loss_php,drrmis_infra_equipment_value_loss_php,drrmis_source_url
EP 8,Mar 2023 - Jun 2024,2024,RFO II,Batanes,El Nino,863,11.6,2.39,648469.68,0,0,0,0,0,0,0,0,863,11.6,2.39,648469.68,0,0,0,https://docs.google.com/spreadsheets/d/1KYuowXvOCPYeNQMTayd88RWJ4HrxsjFT78Kjz0GlYlo/edit?usp=sharing
EP 8,Mar 2023 - Jun 2024,2024,RFO II,Cagayan,El Nino,26633,22488.9,35520.6,539188793.9,0,0,0,0,23790,22080.88,33903.42,491843347.15,2662,372.02,1612.51,46773888,567723.75,0,0,https://docs.google.com/spreadsheets/d/1KYuowXvOCPYeNQMTayd88RWJ4HrxsjFT78Kjz0GlYlo/edit?usp=sharing
EP 8,Mar 2023 - Jun 2024,2024,RFO II,Isabela,El Nino,28385,30486.59,73432.18,1416438381.32,12001,15003.92,27609.1,635009392.81,9773,14369.11,39453.38,512893862.91,5236,1113.56,5155.56,141001800,125308825.6,2224500,0,https://docs.google.com/spreadsheets/d/1KYuowXvOCPYeNQMTayd88RWJ4HrxsjFT78Kjz0GlYlo/edit?usp=sharing
EP 8,Mar 2023 - Jun 2024,2024,RFO II,Nueva Vizcaya,El Nino,7873,5630.2,18598.63,371885479.64,3601,2832.69,7011.97,158586980.1,1786,2164.63,8588.13,121592665.54,2474,632.88,2990.33,90859184,846650,0,0,https://docs.google.com/spreadsheets/d/1KYuowXvOCPYeNQMTayd88RWJ4HrxsjFT78Kjz0GlYlo/edit?usp=sharing
EP 8,Mar 2023 - Jun 2024,2024,RFO II,Quirino,El Nino,6266,6725.1,25494.83,299606209.5,0,0,0,0,6266,6725.1,25494.83,299606209.5,0,0,0,0,0,0,0,https://docs.google.com/spreadsheets/d/1KYuowXvOCPYeNQMTayd88RWJ4HrxsjFT78Kjz0GlYlo/edit?usp=sharing
EP 7,Feb 2019 - Aug 2019,2019,RFO II,Batanes,El Nino,1714,1742,4355.28,60973920,1714,1742,4355.28,60973920,0,0,0,0,0,0,0,0,0,0,0,https://docs.google.com/spreadsheets/d/1KYuowXvOCPYeNQMTayd88RWJ4HrxsjFT78Kjz0GlYlo/edit?usp=sharing
EP 7,Feb 2019 - Aug 2019,2019,RFO II,Cagayan,El Nino,62293,69239.46,83061.04,1323779991.63,35908,37627.55,32843.4,626739808.13,26150,31375.82,48998.69,680616994.98,235,236.09,1213.95,16234325,188863.52,0,0,https://docs.google.com/spreadsheets/d/1KYuowXvOCPYeNQMTayd88RWJ4HrxsjFT78Kjz0GlYlo/edit?usp=sharing
EP 7,Feb 2019 - Aug 2019,2019,RFO II,Isabela,El Nino,48220,53381.67,105823.42,1579608099.47,14277,16178.24,19154.8,319852061.67,33708,37158.02,86347.92,1255101129.66,235,45.41,320.7,4654908.14,0,0,0,https://docs.google.com/spreadsheets/d/1KYuowXvOCPYeNQMTayd88RWJ4HrxsjFT78Kjz0GlYlo/edit?usp=sharing
EP 7,Feb 2019 - Aug 2019,2019,RFO II,Nueva Vizcaya,El Nino,2875,3649.32,3502.98,55862955.4,1332,2675,927.6,23748110.4,475,704.65,1598.8,18698750.5,1068,269.67,976.58,13416094.5,0,0,0,https://docs.google.com/spreadsheets/d/1KYuowXvOCPYeNQMTayd88RWJ4HrxsjFT78Kjz0GlYlo/edit?usp=sharing
EP 7,Feb 2019 - Aug 2019,2019,RFO II,Quirino,El Nino,10615,11558.53,16912.69,347998350.5,1714,1742,2523.24,35325360,7332,9113.85,11700.99,243500366.5,1569,702.68,2688.46,69172624,0,0,0,https://docs.google.com/spreadsheets/d/1KYuowXvOCPYeNQMTayd88RWJ4HrxsjFT78Kjz0GlYlo/edit?usp=sharing
EP 6,Mar 2015 - Jun 2016,2016,RFO II,Cagayan,El Nino,0,3780,3973.24,47539130,0,0,0,0,0,3780,3973.24,47539130,0,0,0,0,0,0,0,https://docs.google.com/spreadsheets/d/1KYuowXvOCPYeNQMTayd88RWJ4HrxsjFT78Kjz0GlYlo/edit?usp=sharing
EP 6,Mar 2015 - Jun 2016,2016,RFO II,Isabela,El Nino,0,7749,7480.24,86394000,0,1492,1407.35,9019650,0,6257,6072.89,77374350,0,0,0,0,0,0,0,https://docs.google.com/spreadsheets/d/1KYuowXvOCPYeNQMTayd88RWJ4HrxsjFT78Kjz0GlYlo/edit?usp=sharing
EP 6,Mar 2015 - Jun 2016,2016,RFO II,Cagayan,El Nino,0,478,350,5950000,0,478,350,5950000,0,0,0,0,0,0,0,0,0,0,0,https://docs.google.com/spreadsheets/d/1KYuowXvOCPYeNQMTayd88RWJ4HrxsjFT78Kjz0GlYlo/edit?usp=sharing
EP 6,Mar 2015 - Jun 2016,2016,RFO II,Isabela,El Nino,0,61181,79338.28,1031397575,0,0,0,0,0,61181,79338.28,1031397575,0,0,0,0,0,0,0,https://docs.google.com/spreadsheets/d/1KYuowXvOCPYeNQMTayd88RWJ4HrxsjFT78Kjz0GlYlo/edit?usp=sharing
EP 6,Mar 2015 - Jun 2016,2016,RFO II,Quirino,El Nino,0,12514,9385.5,122011500,0,0,0,0,0,12514,9385.5,122011500,0,0,0,0,0,0,0,https://docs.google.com/spreadsheets/d/1KYuowXvOCPYeNQMTayd88RWJ4HrxsjFT78Kjz0GlYlo/edit?usp=sharing
EP 5,Jul 2009 - Jun 2010,2010,RFO II,Cagayan,El Nino,0,87130,157322,2187148970,0,38011,38560,655520000,0,46721,116400,1513200000,0,2398,2362,18428970,0,0,0,https://docs.google.com/spreadsheets/d/1KYuowXvOCPYeNQMTayd88RWJ4HrxsjFT78Kjz0GlYlo/edit?usp=sharing
EP 5,Jul 2009 - Jun 2010,2010,RFO II,Isabela,El Nino,0,183672,354866,5132706020,0,87282,129472,2201024000,0,96130,225127,2926651000,0,260,267,4001020,1030000,0,0,https://docs.google.com/spreadsheets/d/1KYuowXvOCPYeNQMTayd88RWJ4HrxsjFT78Kjz0GlYlo/edit?usp=sharing
EP 5,Jul 2009 - Jun 2010,2010,RFO II,Nueva Vizcaya,El Nino,0,18027,34374,509471840,0,11638,17790,302430000,0,5900,15206,197678000,0,489,1378,9305640,58200,0,0,https://docs.google.com/spreadsheets/d/1KYuowXvOCPYeNQMTayd88RWJ4HrxsjFT78Kjz0GlYlo/edit?usp=sharing
EP 5,Jul 2009 - Jun 2010,2010,RFO II,Quirino,El Nino,0,23660,40725,575105000,0,7763,11420,194140000,0,15897,29305,380965000,0,0,0,0,0,0,0,https://docs.google.com/spreadsheets/d/1KYuowXvOCPYeNQMTayd88RWJ4HrxsjFT78Kjz0GlYlo/edit?usp=sharing
EP 4,Aug 2006 - Feb 2007,2007,RFO II,Batanes,El Nino,0,616,3895,58174500,0,90,86,903000,0,135,128,960000,0,391,3681,55215000,0,1096500,0,https://docs.google.com/spreadsheets/d/1KYuowXvOCPYeNQMTayd88RWJ4HrxsjFT78Kjz0GlYlo/edit?usp=sharing
EP 4,Aug 2006 - Feb 2007,2007,RFO II,Cagayan,El Nino,0,47453,63195,564106198,0,13005,14722,191295628,0,34448,48473,372070755,0,0,0,0,739815,0,0,https://docs.google.com/spreadsheets/d/1KYuowXvOCPYeNQMTayd88RWJ4HrxsjFT78Kjz0GlYlo/edit?usp=sharing
EP 4,Aug 2006 - Feb 2007,2007,RFO II,Isabela,El Nino,0,85602,131870,1245931002,0,21471,4963,170769409,0,64131,126907,1070717685,0,0,0,0,4443908,0,0,https://docs.google.com/spreadsheets/d/1KYuowXvOCPYeNQMTayd88RWJ4HrxsjFT78Kjz0GlYlo/edit?usp=sharing
EP 4,Aug 2006 - Feb 2007,2007,RFO II,Nueva Vizcaya,El Nino,0,5412,9518,88865660,0,2819,460,20646710,0,2593,9058,67935000,0,0,0,0,283950,0,0,https://docs.google.com/spreadsheets/d/1KYuowXvOCPYeNQMTayd88RWJ4HrxsjFT78Kjz0GlYlo/edit?usp=sharing
EP 4,Aug 2006 - Feb 2007,2007,RFO II,Quirino,El Nino,0,12717,19493,155660137.9,0,753,0,5258887.9,0,11964,19493,150056100,0,0,0,0,345150,0,0,https://docs.google.com/spreadsheets/d/1KYuowXvOCPYeNQMTayd88RWJ4HrxsjFT78Kjz0GlYlo/edit?usp=sharing
EP 3,Sep 2004 - Feb 2005,2005,RFO II,Cagayan,El Nino,0,44059,80918,338559215,0,17319,27432,111326079,0,26740,53486,227233136,0,0,0,0,0,0,0,https://docs.google.com/spreadsheets/d/1KYuowXvOCPYeNQMTayd88RWJ4HrxsjFT78Kjz0GlYlo/edit?usp=sharing
EP 3,Sep 2004 - Feb 2005,2005,RFO II,Isabela,El Nino,0,68710,165479,650738302,0,3294,4572,12941614,0,65416,160907,637796688,0,0,0,0,0,0,0,https://docs.google.com/spreadsheets/d/1KYuowXvOCPYeNQMTayd88RWJ4HrxsjFT78Kjz0GlYlo/edit?usp=sharing
EP 3,Sep 2004 - Feb 2005,2005,RFO II,Nueva Vizcaya,El Nino,0,1329,1593,5360807,0,898,587,1622267,0,431,1006,3738540,0,0,0,0,0,0,0,https://docs.google.com/spreadsheets/d/1KYuowXvOCPYeNQMTayd88RWJ4HrxsjFT78Kjz0GlYlo/edit?usp=sharing
EP 3,Sep 2004 - Feb 2005,2005,RFO II,Quirino,El Nino,0,11906,17012,66408789,0,104,70,153114,0,11802,16942,66255675,0,0,0,0,0,0,0,https://docs.google.com/spreadsheets/d/1KYuowXvOCPYeNQMTayd88RWJ4HrxsjFT78Kjz0GlYlo/edit?usp=sharing
EP 2,Aug 2002 - Mar 2003,2003,RFO II,Cagayan,El Nino,0,30247,71023,249369557,0,24951,61254,205871814,0,5296,9769,43497743,0,0,0,0,0,0,0,https://docs.google.com/spreadsheets/d/1KYuowXvOCPYeNQMTayd88RWJ4HrxsjFT78Kjz0GlYlo/edit?usp=sharing
EP 2,Aug 2002 - Mar 2003,2003,RFO II,Isabela,El Nino,0,37193,79851,314304520,0,27116,56537,223699486,0,10077,23314,90605034,0,0,0,0,0,0,0,https://docs.google.com/spreadsheets/d/1KYuowXvOCPYeNQMTayd88RWJ4HrxsjFT78Kjz0GlYlo/edit?usp=sharing
EP 2,Aug 2002 - Mar 2003,2003,RFO II,Nueva Vizcaya,El Nino,0,2177,4856,12872379,0,2177,4856,12872379,0,0,0,0,0,0,0,0,0,0,0,https://docs.google.com/spreadsheets/d/1KYuowXvOCPYeNQMTayd88RWJ4HrxsjFT78Kjz0GlYlo/edit?usp=sharing
EP 2,Aug 2002 - Mar 2003,2003,RFO II,Quirino,El Nino,0,8007,16601,55299330,0,4270,11175,38295980,0,3737,5426,17003350,0,0,0,0,0,0,0,https://docs.google.com/spreadsheets/d/1KYuowXvOCPYeNQMTayd88RWJ4HrxsjFT78Kjz0GlYlo/edit?usp=sharing
EP 2,Aug 2002 - Mar 2003,2003,RFO II,Cagayan,El Nino,0,0,0,1946667,0,0,0,0,0,0,0,0,0,0,0,0,1946667,0,0,https://docs.google.com/spreadsheets/d/1KYuowXvOCPYeNQMTayd88RWJ4HrxsjFT78Kjz0GlYlo/edit?usp=sharing
EP 1,May 1997 - Jun 1998,1998,RFO II,Cagayan,El Nino,0,35049,52854,140004102,0,24921,35082,98768432,0,10128,17772,41235670,0,0,0,0,0,0,0,https://docs.google.com/spreadsheets/d/1KYuowXvOCPYeNQMTayd88RWJ4HrxsjFT78Kjz0GlYlo/edit?usp=sharing
EP 1,May 1997 - Jun 1998,1998,RFO II,Isabela,El Nino,0,87497,135567,433578933,0,28099,73098,119210998,0,59398,62469,314367935,0,0,0,0,0,0,0,https://docs.google.com/spreadsheets/d/1KYuowXvOCPYeNQMTayd88RWJ4HrxsjFT78Kjz0GlYlo/edit?usp=sharing
EP 1,May 1997 - Jun 1998,1998,RFO II,Nueva Vizcaya,El Nino,0,9495,20631,45252315,0,6506,15364,32762343,0,2989,5267,12489972,0,0,0,0,0,0,0,https://docs.google.com/spreadsheets/d/1KYuowXvOCPYeNQMTayd88RWJ4HrxsjFT78Kjz0GlYlo/edit?usp=sharing
EP 1,May 1997 - Jun 1998,1998,RFO II,Quirino,El Nino,0,8760,19696,59127883,0,3583,6360,20459533,0,5177,13336,38668350,0,0,0,0,0,0,0,https://docs.google.com/spreadsheets/d/1KYuowXvOCPYeNQMTayd88RWJ4HrxsjFT78Kjz0GlYlo/edit?usp=sharing
